mask_num,width_mm,height_mm,depth_mm
0,85.6,53.98,0.0
1,39.08472222222222,59.463456464379945,0.0
2,129.14305555555555,55.04820580474934,0.0
3,85.6,47.14348284960422,0.0
4,43.84027777777777,13.316965699208444,0.0
5,57.512499999999996,53.98,0.0
