mask_num,width_mm,height_mm,depth_mm
0,188.33257073232681,177.43616990734733,47.91402167160667
1,85.99212865035062,195.4606884863259,67.72582681285785
2,284.1336874416528,180.9474397603951,67.80774956337028
3,188.33257073232681,154.9640428478416,77.58263633536893
4,126.53594596078209,177.43616990734733,54.40434391550534
